name,position
Joe Cole,RM
Robbie Keane,ST
Lars Ricken,CAM
Jay-Jay Okocha,CAM
Rui Costa,CAM
Ludovic Giuly,RM
Ole Gunnar Solskjær,ST
Ricardo Carvalho,CB
Bixente Lizarazu,LWB
Fernando Morientes,ST
Jari Litmanen,CAM
Nwankwo Kanu,ST
Freddie Ljungberg,LM
Landon Donovan,LM
Aleksandr Mostovoi,CAM
Tomáš Rosický,CAM
Dirk Kuyt,CAM
Iván Córdoba,CB
Yaya Touré,CM
Capdevila,LB
Rafael Márquez,CB
Dimitar Berbatov,ST
DaMarcus Beasley,LB
Sidney Govou,ST
Jerzy Dudek,GK
Tim Cahill,CM
Antonio Di Natale,ST
Javier Mascherano,CB
Mario Gomez,ST
Clint Dempsey,CF
Rudi Völler,ST
Jean-Pierre Papin,ST
Abedi Pelé,CAM
Sami Al Jaber,ST
Claudio Marchisio,CM
Ramires,CDM
Jorge Campos,GK
David Ginola,LM
Paulo Futre,LW
Gianluca Vialli,ST
Vincent Kompany,CB
Jürgen Kohler,CB
Diego Milito,ST
Park Ji Sung,LM
Lúcio,CB
Diego Forlán,ST
Saeed Al Owairan,RW
Tomas Brolin,ST
Harry Kewell,LW
Włodzimierz Smolarek,ST
Steve McManaman,RM
Wesley Sneijder,CAM
Carlos Tévez,ST
John Arne Riise,LB
