player_id,name,overall,position,club,rarity,version,reason
193165,J. Corona,80,"RW, LW",,,24.0,Missing normal club or league
233260,A. Vega,79,"LW, ST, LM",,,24.0,Missing normal club or league
222382,L. Chávez,79,"CM, CDM",,,24.0,Missing normal club or league
224151,H. Martín,79,ST,,,24.0,Missing normal club or league
235389,C. Rodríguez,76,"CAM, CM",,,24.0,Missing normal club or league
211381,S. Boufal,76,"CF, LM, ST",,,24.0,Missing normal club or league
234051,A. Afif,76,"LM, CF, CAM",,,24.0,Missing normal club or league
235537,E. Sánchez,75,"CM, CDM",,,24.0,Missing normal club or league
253008,K. Álvarez,75,RB,,,24.0,Missing normal club or league
237043,R. Alvarado,75,"RM, LM",,,24.0,Missing normal club or league
237997,U. Antuna,75,"RM, LM, RW",,,24.0,Missing normal club or league
226045,J. Gallardo,75,"LB, LM, LW",,,24.0,Missing normal club or league
243015,L. Romo,75,"CM, CDM",,,24.0,Missing normal club or league
239738,J. Angulo,74,"CB, LB, LWB",,,24.0,Missing normal club or league
246289,C. Huerta,74,"LW, LM",,,24.0,Missing normal club or league
204121,J. Brabec,74,CB,,,24.0,Missing normal club or league
223208,Z. Kalmár,74,"CAM, LM",,,24.0,Missing normal club or league
232654,L. Malagón,73,GK,,,24.0,Missing normal club or league
242090,O. Solbakken,73,"RM, RW, LW",,,24.0,Missing normal club or league
242288,I. Ivušić,73,GK,,,24.0,Missing normal club or league
176571,A. Ayew,73,"ST, RW, LW",,,24.0,Missing normal club or league
268866,Y. Attiat-Allah,73,LB,,,24.0,Missing normal club or league
246295,O. Herrera,72,"LM, LW",,,24.0,Missing normal club or league
271949,N. Labrović,72,GK,,,24.0,Missing normal club or league
258608,O. Bukari,72,"RW, ST",,,24.0,Missing normal club or league
151508,S. Davis,72,CM,,,24.0,Missing normal club or league
192009,J. Rodríguez,72,GK,,,24.0,Missing normal club or league
223207,Á. Lang,72,CB,,,24.0,Missing normal club or league
268864,Y. Jabrane,72,CDM,,,24.0,Missing normal club or league
241777,A. Tagnaouti,71,GK,,,24.0,Missing normal club or league
226579,A. Zendejas,71,"RM, CM, LM",,,24.0,Missing normal club or league
268772,A. Ali,71,"ST, RM",,,24.0,Missing normal club or league
268778,K. Boudiaf,71,"CM, CDM",,,24.0,Missing normal club or league
238505,M. Johnston,70,"LW, RW",,,24.0,Missing normal club or league
180561,H. Al Haydos,70,"RM, CAM, CM",,,24.0,Missing normal club or league
197971,D. Alibec,70,ST,,,24.0,Missing normal club or league
215911,A. Hatem,70,"CM, CDM",,,24.0,Missing normal club or league
224375,B. Vécsei,70,CM,,,24.0,Missing normal club or league
268771,B. Khoukhi,70,"CB, CDM",,,24.0,Missing normal club or league
193092,M. Rojas,69,"LW, LM, RW",,,24.0,Missing normal club or league
201707,A. Fiola,69,"RWB, CB, RB",,,24.0,Missing normal club or league
259680,M. Stamenić,68,"CM, CDM",,,24.0,Missing normal club or league
268776,H. Ahmed,68,LB,,,24.0,Missing normal club or league
189167,A. Gunnarsson,68,"CDM, CM",,,24.0,Missing normal club or league
268774,I. Mohammad,68,"RB, RM",,,24.0,Missing normal club or league
268781,Pedro Miguel,68,"RB, CB",,,24.0,Missing normal club or league
270564,A. Asad,68,"CAM, RM, LM",,,24.0,Missing normal club or league
268783,M. Barsham,67,GK,,,24.0,Missing normal club or league
268782,B. Al Rawi,67,"CB, RB",,,24.0,Missing normal club or league
248040,A. Rus,67,"CB, CDM",,,24.0,Missing normal club or league
234298,N. Alho,67,"RB, RWB, RM",,,24.0,Missing normal club or league
268879,A. Fathi,67,"CDM, CM",,,24.0,Missing normal club or league
255360,M. Garbett,66,"CAM, CM",,,24.0,Missing normal club or league
246704,E. Ólafsson,66,GK,,,24.0,Missing normal club or league
254136,E. Just,66,"LW, CF",,,24.0,Missing normal club or league
238878,T. Salman,66,"CB, LB",,,24.0,Missing normal club or league
227603,P. Kpozo,66,LB,,,24.0,Missing normal club or league
243256,O. Pikhalyonok,66,CM,,,24.0,Missing normal club or league
204445,M. Smith,66,"RB, RWB, CB",,,24.0,Missing normal club or league
227499,P. Stronati,66,CB,,,24.0,Missing normal club or league
268780,M. Muntari,66,ST,,,24.0,Missing normal club or league
236449,K. Csoboth,65,"RW, LW",,,24.0,Missing normal club or league
268836,E. Addo,65,CDM,,,24.0,Missing normal club or league
272472,S. Zakaria,65,GK,,,24.0,Missing normal club or league
274968,P. Demjén,65,GK,,,24.0,Missing normal club or league
239878,A. Madibo,65,"CDM, CM",,,24.0,Missing normal club or league
180548,S. Al Sheeb,65,GK,,,24.0,Missing normal club or league
231056,S. Marinović,65,GK,,,24.0,Missing normal club or league
268099,P. Szappanos,65,GK,,,24.0,Missing normal club or league
268779,A. Alaaeldin,65,ST,,,24.0,Missing normal club or league
268784,M. Kheder,65,"RB, CB",,,24.0,Missing normal club or league
268775,M. Waad,64,"CDM, CB",,,24.0,Missing normal club or league
275644,G. Szalai,64,CB,,,24.0,Missing normal club or league
226510,D. Grétarsson,64,CB,,,24.0,Missing normal club or league
270643,K. Muneer,64,LM,,,24.0,Missing normal club or league
186839,N. McGinn,64,"CAM, LM",,,24.0,Missing normal club or league
237268,F. de Vries,64,"LB, CB",,,24.0,Missing normal club or league
268984,A. Marafee,64,CM,,,24.0,Missing normal club or league
246195,C. Elliot,63,RB,,,24.0,Missing normal club or league
257630,K. Horváth,62,CAM,,,24.0,Missing normal club or league
268982,J. Gaber,62,"CB, CDM",,,24.0,Missing normal club or league
276156,S. Szuhodovszki,62,CM,,,24.0,Missing normal club or league
268785,S. Al Hajri,62,"CDM, CB",,,24.0,Missing normal club or league
226057,D. Wynne,62,LB,,,24.0,Missing normal club or league
278113,M. Kata,61,"CM, CDM",,,24.0,Missing normal club or league
272471,M. Tarek,60,CM,,,24.0,Missing normal club or league
274923,N. Pallas,60,"LB, LWB",,,24.0,Missing normal club or league
