player_id,name,overall,primary_position,secondary_positions,auction_category,age,nationality,club,league,preferred_foot,pace,shooting,passing,dribbling,defending,physical,image_url,tier,source,source_fifa_version,source_record_kind
216547,Rafa,83,CF,RM,ATT,30,Portugal,Benfica,Liga Portugal,Right,93,77,77,86,50,54,,GOOD,EXTERNAL_POOL,24,REGULAR_CAREER
183898,Á. Di María,83,CF,"RW,RM",ATT,35,Argentina,Benfica,Liga Portugal,Left,78,78,86,89,48,67,,GOOD,EXTERNAL_POOL,24,REGULAR_CAREER
199482,A. Lopes,82,GK,,GK,32,Portugal,Olympique Lyonnais,Ligue 1,Left,,,,,,,,GOOD,EXTERNAL_POOL,24,REGULAR_CAREER
241671,D. Livaković,82,GK,,GK,28,Croatia,Fenerbahçe,Super Lig,Right,,,,,,,,GOOD,EXTERNAL_POOL,24,REGULAR_CAREER
234577,Diogo Costa,82,GK,,GK,23,Portugal,Porto,Liga Portugal,Right,,,,,,,,GOOD,EXTERNAL_POOL,24,REGULAR_CAREER
240091,G. Vicario,82,GK,,GK,26,Italy,Tottenham Hotspur,Premier League,Right,,,,,,,,GOOD,EXTERNAL_POOL,24,REGULAR_CAREER
224987,I. Provedel,82,GK,,GK,29,Italy,Lazio,Serie A,Right,,,,,,,,GOOD,EXTERNAL_POOL,24,REGULAR_CAREER
219522,J. Ledesma,82,GK,,GK,30,Argentina,Cádiz,La Liga,Right,,,,,,,,GOOD,EXTERNAL_POOL,24,REGULAR_CAREER
204935,J. Pickford,82,GK,,GK,29,England,Everton,Premier League,Left,,,,,,,,GOOD,EXTERNAL_POOL,24,REGULAR_CAREER
235790,K. Havertz,82,CAM,"RW,ST",MID,24,Germany,Arsenal,Premier League,Left,78,79,79,83,45,68,,GOOD,EXTERNAL_POOL,24,REGULAR_CAREER
223959,L. Torreira,82,CDM,CM,MID,27,Uruguay,Galatasaray,Super Lig,Right,76,70,77,80,79,78,,GOOD,EXTERNAL_POOL,24,REGULAR_CAREER
230182,Lucas Mantela,82,GK,,GK,23,Brazil,Palmeiras,Serie A,Right,,,,,,,,GOOD,EXTERNAL_POOL,24,REGULAR_CAREER
211738,M. Flekken,82,GK,,GK,30,Netherlands,Brentford,Premier League,Right,,,,,,,,GOOD,EXTERNAL_POOL,24,REGULAR_CAREER
192318,M. Götze,82,CAM,"CF,LM",MID,31,Germany,Eintracht Frankfurt,Bundesliga,Right,63,75,83,85,55,71,,GOOD,EXTERNAL_POOL,24,REGULAR_CAREER
222077,M. Locatelli,82,CDM,CM,MID,25,Italy,Juventus,Serie A,Right,67,70,80,78,79,80,,GOOD,EXTERNAL_POOL,24,REGULAR_CAREER
243245,O. Kökçü,82,CM,CAM,MID,22,Turkey,Benfica,Liga Portugal,Right,72,76,83,80,69,79,,GOOD,EXTERNAL_POOL,24,REGULAR_CAREER
210411,Otávio,82,RM,LM,MID,28,Portugal,Al Nassr,Pro League,Right,78,70,81,85,66,74,,GOOD,EXTERNAL_POOL,24,REGULAR_CAREER
212242,R. Andrich,82,CDM,CM,MID,28,Germany,Bayer 04 Leverkusen,Bundesliga,Right,57,76,76,73,81,85,,GOOD,EXTERNAL_POOL,24,REGULAR_CAREER
227535,R. Bentancur,82,CM,CDM,MID,26,Uruguay,Tottenham Hotspur,Premier League,Right,70,67,81,83,79,77,,GOOD,EXTERNAL_POOL,24,REGULAR_CAREER
233486,R. Le Normand,82,CB,,DEF,26,Spain,Real Sociedad,La Liga,Right,62,26,54,59,84,79,,GOOD,EXTERNAL_POOL,24,REGULAR_CAREER
213516,Ricardo Horta,82,CAM,"CF,RM",MID,28,Portugal,Sporting Braga,Liga Portugal,Right,80,83,80,80,43,70,,GOOD,EXTERNAL_POOL,24,REGULAR_CAREER
201942,Roberto Firmino,82,CF,ST,ATT,31,Brazil,Al Ahli Jeddah,Pro League,Right,70,77,79,87,58,77,,GOOD,EXTERNAL_POOL,24,REGULAR_CAREER
198176,S. de Vrij,82,CB,,DEF,31,Netherlands,Inter,Serie A,Right,64,41,64,69,84,76,,GOOD,EXTERNAL_POOL,24,REGULAR_CAREER
216320,S. Fofana,82,CM,,MID,28,Côte d'Ivoire,Al Nassr,Pro League,Right,71,77,76,80,73,86,,GOOD,EXTERNAL_POOL,24,REGULAR_CAREER
204639,S. Savić,82,CB,,DEF,32,Montenegro,Atlético Madrid,La Liga,Right,64,35,57,57,85,80,,GOOD,EXTERNAL_POOL,24,REGULAR_CAREER
213565,T. Lemar,82,CM,LM,MID,27,France,Atlético Madrid,La Liga,Left,82,78,83,86,67,65,,GOOD,EXTERNAL_POOL,24,REGULAR_CAREER
244369,V. Tsygankov,82,RM,"CM,CAM",MID,25,Ukraine,Girona,La Liga,Left,85,78,79,81,46,61,,GOOD,EXTERNAL_POOL,24,REGULAR_CAREER
216393,Y. Tielemans,82,CM,CDM,MID,26,Belgium,Aston Villa,Premier League,Right,50,79,85,79,69,69,,GOOD,EXTERNAL_POOL,24,REGULAR_CAREER
234642,É. Mendy,82,GK,,GK,31,Senegal,Al Ahli Jeddah,Pro League,Right,,,,,,,,GOOD,EXTERNAL_POOL,24,REGULAR_CAREER
252308,A. Al Musrati,81,CDM,CM,MID,27,Libya,Sporting Braga,Liga Portugal,Right,62,66,71,71,80,84,,GOOD,EXTERNAL_POOL,24,REGULAR_CAREER
216354,A. Kramarić,81,CF,"CM,CAM",ATT,32,Croatia,TSG Hoffenheim,Bundesliga,Right,72,81,76,82,32,74,,GOOD,EXTERNAL_POOL,24,REGULAR_CAREER
244263,A. Rrahmani,81,CB,,DEF,29,Kosovo,Napoli,Serie A,Right,63,51,58,62,83,80,,GOOD,EXTERNAL_POOL,24,REGULAR_CAREER
212523,Anderson Talisca,81,CF,"ST,CAM",ATT,29,Brazil,Al Nassr,Pro League,Left,79,84,76,81,52,73,,GOOD,EXTERNAL_POOL,24,REGULAR_CAREER
214097,B. Bourigeaud,81,CM,"RM,RW",MID,29,France,Rennes,Ligue 1,Right,73,77,82,81,67,76,,GOOD,EXTERNAL_POOL,24,REGULAR_CAREER
208268,B. Cristante,81,CDM,CM,MID,28,Italy,Roma,Serie A,Right,53,73,78,75,78,82,,GOOD,EXTERNAL_POOL,24,REGULAR_CAREER
192563,B. Leno,81,GK,,GK,31,Germany,Fulham,Premier League,Right,,,,,,,,GOOD,EXTERNAL_POOL,24,REGULAR_CAREER
204883,B. Samba,81,GK,,GK,29,France,Lens,Ligue 1,Left,,,,,,,,GOOD,EXTERNAL_POOL,24,REGULAR_CAREER
235944,Brais Méndez,81,CM,"CAM,RM",MID,26,Spain,Real Sociedad,La Liga,Left,71,80,82,81,65,73,,GOOD,EXTERNAL_POOL,24,REGULAR_CAREER
232730,D. Kamada,81,CAM,"CM,CF",MID,26,Japan,Lazio,Serie A,Right,79,73,80,83,54,64,,GOOD,EXTERNAL_POOL,24,REGULAR_CAREER
175943,D. Mertens,81,CF,CAM,ATT,36,Belgium,Galatasaray,Super Lig,Right,76,80,80,83,40,49,,GOOD,EXTERNAL_POOL,24,REGULAR_CAREER
199304,Danilo,81,CB,RB,DEF,31,Brazil,Juventus,Serie A,Right,73,67,74,74,83,78,,GOOD,EXTERNAL_POOL,24,REGULAR_CAREER
200888,Danilo Pereira,81,CDM,CB,MID,31,Portugal,Paris Saint Germain,Ligue 1,Right,50,63,70,71,80,86,,GOOD,EXTERNAL_POOL,24,REGULAR_CAREER
219693,Diego Carlos,81,CB,,DEF,30,Brazil,Aston Villa,Premier League,Right,67,47,63,67,81,77,,GOOD,EXTERNAL_POOL,24,REGULAR_CAREER
178213,E. Capoue,81,CM,CDM,MID,34,France,Villarreal,La Liga,Right,50,75,78,75,79,78,,GOOD,EXTERNAL_POOL,24,REGULAR_CAREER
225126,E. Skhiri,81,CDM,CM,MID,28,Tunisia,Eintracht Frankfurt,Bundesliga,Right,63,73,74,76,80,76,,GOOD,EXTERNAL_POOL,24,REGULAR_CAREER
247263,E. Tapsoba,81,CB,,DEF,24,Burkina Faso,Bayer 04 Leverkusen,Bundesliga,Right,75,54,65,70,82,79,,GOOD,EXTERNAL_POOL,24,REGULAR_CAREER
235844,E. Álvarez,81,CDM,CB,MID,25,Mexico,West Ham United,Premier League,Right,68,58,68,70,82,87,,GOOD,EXTERNAL_POOL,24,REGULAR_CAREER
226271,Fabián Ruiz,81,CM,CDM,MID,27,Spain,Paris Saint Germain,Ligue 1,Left,55,78,79,80,74,72,,GOOD,EXTERNAL_POOL,24,REGULAR_CAREER
209297,Fred,81,CM,CDM,MID,30,Brazil,Fenerbahçe,Super Lig,Left,75,69,79,81,76,70,,GOOD,EXTERNAL_POOL,24,REGULAR_CAREER
201455,G. Kondogbia,81,CM,CDM,MID,30,Central African Republic,Olympique de Marseille,Ligue 1,Left,69,75,76,76,81,89,,GOOD,EXTERNAL_POOL,24,REGULAR_CAREER
226226,G. Lo Celso,81,CAM,ST,MID,27,Argentina,Tottenham Hotspur,Premier League,Left,70,75,83,84,68,73,,GOOD,EXTERNAL_POOL,24,REGULAR_CAREER
140233,G. Ochoa,81,GK,,GK,37,Mexico,Salernitana,Serie A,Right,,,,,,,,GOOD,EXTERNAL_POOL,24,REGULAR_CAREER
215316,G. Rulli,81,GK,,GK,31,Argentina,Ajax,Eredivisie,Right,,,,,,,,GOOD,EXTERNAL_POOL,24,REGULAR_CAREER
192883,H. Mkhitaryan,81,CAM,CM,MID,34,Armenia,Inter,Serie A,Right,78,79,79,83,56,72,,GOOD,EXTERNAL_POOL,24,REGULAR_CAREER
237678,I. Konaté,81,CB,,DEF,24,France,Liverpool,Premier League,Right,77,34,57,68,82,82,,GOOD,EXTERNAL_POOL,24,REGULAR_CAREER
168651,I. Rakitić,81,CM,CDM,MID,35,Croatia,Sevilla,La Liga,Right,50,79,84,78,74,70,,GOOD,EXTERNAL_POOL,24,REGULAR_CAREER
235173,I. Sangaré,81,CDM,CM,MID,25,Côte d'Ivoire,Nottingham Forest,Premier League,Right,66,66,74,75,81,86,,GOOD,EXTERNAL_POOL,24,REGULAR_CAREER
216201,Iñaki Williams,81,RM,ST,MID,29,Ghana,Athletic Club,La Liga,Right,94,78,71,79,43,84,,GOOD,EXTERNAL_POOL,24,REGULAR_CAREER
213331,J. Tah,81,CB,,DEF,27,Germany,Bayer 04 Leverkusen,Bundesliga,Right,67,37,59,61,81,85,,GOOD,EXTERNAL_POOL,24,REGULAR_CAREER
242444,João Félix,81,CF,"ST,LW",ATT,23,Portugal,FC Barcelona,La Liga,Right,81,79,78,85,40,67,,GOOD,EXTERNAL_POOL,24,REGULAR_CAREER
163587,K. Schmeichel,81,GK,,GK,36,Denmark,Anderlecht,Jupiler Pro League,Right,,,,,,,,GOOD,EXTERNAL_POOL,24,REGULAR_CAREER
206585,Kepa,81,GK,,GK,28,Spain,Real Madrid,La Liga,Right,,,,,,,,GOOD,EXTERNAL_POOL,24,REGULAR_CAREER
199915,L. Dunk,81,CB,,DEF,31,England,Brighton & Hove Albion,Premier League,Right,45,51,66,66,82,80,,GOOD,EXTERNAL_POOL,24,REGULAR_CAREER
190941,L. Hrádecký,81,GK,,GK,33,Finland,Bayer 04 Leverkusen,Bundesliga,Right,,,,,,,,GOOD,EXTERNAL_POOL,24,REGULAR_CAREER
207421,L. Trossard,81,CF,LW,ATT,28,Belgium,Arsenal,Premier League,Right,81,80,78,84,30,61,,GOOD,EXTERNAL_POOL,24,REGULAR_CAREER
233927,Lucas Paquetá,81,CAM,CM,MID,25,Brazil,West Ham United,Premier League,Left,72,77,79,84,69,76,,GOOD,EXTERNAL_POOL,24,REGULAR_CAREER
206511,M. Arnold,81,CDM,CM,MID,29,Germany,VfL Wolfsburg,Bundesliga,Left,66,79,79,78,76,75,,GOOD,EXTERNAL_POOL,24,REGULAR_CAREER
233064,M. Mount,81,CAM,"RW,CM",MID,24,England,Manchester United,Premier League,Right,72,79,82,80,56,67,,GOOD,EXTERNAL_POOL,24,REGULAR_CAREER
253306,M. Ugarte,81,CDM,CM,MID,22,Uruguay,Paris Saint Germain,Ligue 1,Right,72,64,73,77,77,80,,GOOD,EXTERNAL_POOL,24,REGULAR_CAREER
222737,Malcom,81,RM,,MID,26,Brazil,Al Hilal,Pro League,Left,83,79,78,84,28,66,,GOOD,EXTERNAL_POOL,24,REGULAR_CAREER
189575,Muniain,81,CAM,LM,MID,30,Spain,Athletic Club,La Liga,Right,80,74,81,85,51,60,,GOOD,EXTERNAL_POOL,24,REGULAR_CAREER
204614,Mário Rui,81,LB,,DEF,32,Portugal,Napoli,Serie A,Left,81,57,77,80,76,68,,GOOD,EXTERNAL_POOL,24,REGULAR_CAREER
208920,N. Aké,81,CB,LB,DEF,28,Netherlands,Manchester City,Premier League,Left,75,53,72,74,82,77,,GOOD,EXTERNAL_POOL,24,REGULAR_CAREER
191202,N. Matić,81,CDM,CM,MID,34,Serbia,Rennes,Ligue 1,Left,34,67,77,77,79,78,,GOOD,EXTERNAL_POOL,24,REGULAR_CAREER
230384,Nailton Suzuki,81,CAM,"CF,ST",MID,27,Brazil,Atlético Mineiro,Serie A,Right,82,73,77,82,52,71,,GOOD,EXTERNAL_POOL,24,REGULAR_CAREER
211990,O. Vlachodimos,81,GK,,GK,29,Greece,Nottingham Forest,Premier League,Right,,,,,,,,GOOD,EXTERNAL_POOL,24,REGULAR_CAREER
120533,Pepe,81,CB,,DEF,40,Portugal,Porto,Liga Portugal,Right,75,51,60,61,81,87,,GOOD,EXTERNAL_POOL,24,REGULAR_CAREER
157481,Raúl Albiol,81,CB,,DEF,37,Spain,Villarreal,La Liga,Right,36,41,62,63,85,68,,GOOD,EXTERNAL_POOL,24,REGULAR_CAREER
236045,Reinildo,81,LB,CB,DEF,29,Mozambique,Atlético Madrid,La Liga,Left,84,55,68,75,80,79,,GOOD,EXTERNAL_POOL,24,REGULAR_CAREER
230258,Rosival Dourado,81,CDM,"CM,CAM",MID,23,Brazil,Corinthians,Serie A,Right,77,57,74,77,82,69,,GOOD,EXTERNAL_POOL,24,REGULAR_CAREER
178005,Rui Patrício,81,GK,,GK,35,Portugal,Roma,Serie A,Left,,,,,,,,GOOD,EXTERNAL_POOL,24,REGULAR_CAREER
210385,Rui Silva,81,GK,,GK,29,Portugal,Real Betis,La Liga,Right,,,,,,,,GOOD,EXTERNAL_POOL,24,REGULAR_CAREER
200260,S. Berghuis,81,CAM,"CM,RW",MID,31,Netherlands,Ajax,Eredivisie,Left,77,82,82,81,40,69,,GOOD,EXTERNAL_POOL,24,REGULAR_CAREER
197655,S. Coates,81,CB,,DEF,32,Uruguay,Sporting CP,Liga Portugal,Right,66,49,55,62,82,88,,GOOD,EXTERNAL_POOL,24,REGULAR_CAREER
179645,S. Kjær,81,CB,,DEF,34,Denmark,Milan,Serie A,Right,59,54,64,60,83,76,,GOOD,EXTERNAL_POOL,24,REGULAR_CAREER
244675,Sancet,81,CAM,"CM,ST",MID,23,Spain,Athletic Club,La Liga,Right,73,77,77,82,61,73,,GOOD,EXTERNAL_POOL,24,REGULAR_CAREER
184087,T. Alderweireld,81,CB,,DEF,34,Belgium,Antwerp,Jupiler Pro League,Right,54,61,74,67,83,79,,GOOD,EXTERNAL_POOL,24,REGULAR_CAREER
230347,Welington Dano,81,LB,"LM,LW",DEF,23,Brazil,Atlético Mineiro,Serie A,Left,79,54,76,79,75,74,,GOOD,EXTERNAL_POOL,24,REGULAR_CAREER
207566,William Carvalho,81,CDM,CAM,MID,31,Portugal,Real Betis,La Liga,Right,45,68,78,76,76,84,,GOOD,EXTERNAL_POOL,24,REGULAR_CAREER
233195,X. Schlager,81,CDM,CM,MID,25,Austria,RB Leipzig,Bundesliga,Left,74,70,74,78,75,80,,GOOD,EXTERNAL_POOL,24,REGULAR_CAREER
227950,Yeray,81,CB,,DEF,28,Spain,Athletic Club,La Liga,Right,64,49,68,65,83,76,,GOOD,EXTERNAL_POOL,24,REGULAR_CAREER
224031,A. Marušić,80,LB,RB,DEF,30,Montenegro,Lazio,Serie A,Right,88,66,67,74,76,82,,VALUE,EXTERNAL_POOL,24,REGULAR_CAREER
178086,Adán,80,GK,,GK,36,Spain,Sporting CP,Liga Portugal,Left,,,,,,,,VALUE,EXTERNAL_POOL,24,REGULAR_CAREER
228813,Aleix García,80,CM,CDM,MID,26,Spain,Girona,La Liga,Right,64,74,81,80,71,66,,VALUE,EXTERNAL_POOL,24,REGULAR_CAREER
226221,Aritz Elustondo,80,CB,RB,DEF,29,Spain,Real Sociedad,La Liga,Right,64,39,64,61,80,77,,VALUE,EXTERNAL_POOL,24,REGULAR_CAREER
236987,B. Kamara,80,CDM,CM,MID,23,France,Aston Villa,Premier League,Right,68,54,72,73,80,79,,VALUE,EXTERNAL_POOL,24,REGULAR_CAREER
231936,B. White,80,RB,CB,DEF,25,England,Arsenal,Premier League,Right,72,30,70,74,82,77,,VALUE,EXTERNAL_POOL,24,REGULAR_CAREER
231410,Brahim,80,CAM,"CF,RW",MID,23,Spain,Real Madrid,La Liga,Right,81,71,77,83,30,49,,VALUE,EXTERNAL_POOL,24,REGULAR_CAREER
201389,C. Biraghi,80,LB,,DEF,30,Italy,Fiorentina,Serie A,Left,76,69,78,77,76,75,,VALUE,EXTERNAL_POOL,24,REGULAR_CAREER
174543,C. Bravo,80,GK,,GK,40,Chile,Real Betis,La Liga,Right,,,,,,,,VALUE,EXTERNAL_POOL,24,REGULAR_CAREER
210897,C. Mbemba,80,CB,,DEF,28,Congo DR,Olympique de Marseille,Ligue 1,Right,73,55,65,67,80,81,,VALUE,EXTERNAL_POOL,24,REGULAR_CAREER
239807,D. Frattesi,80,CM,,MID,23,Italy,Inter,Serie A,Right,79,71,78,81,68,70,,VALUE,EXTERNAL_POOL,24,REGULAR_CAREER
247103,D. Hancko,80,CB,LB,DEF,25,Slovakia,Feyenoord,Eredivisie,Left,79,64,72,74,80,81,,VALUE,EXTERNAL_POOL,24,REGULAR_CAREER
176550,D. Ospina,80,GK,,GK,34,Colombia,Al Nassr,Pro League,Right,,,,,,,,VALUE,EXTERNAL_POOL,24,REGULAR_CAREER
236632,David Neres,80,RM,"RW,CAM",MID,26,Brazil,Benfica,Liga Portugal,Left,86,75,75,86,43,64,,VALUE,EXTERNAL_POOL,24,REGULAR_CAREER
220901,David Raya,80,GK,,GK,27,Spain,Arsenal,Premier League,Right,,,,,,,,VALUE,EXTERNAL_POOL,24,REGULAR_CAREER
223952,David Soria,80,GK,,GK,30,Spain,Getafe,La Liga,Right,,,,,,,,VALUE,EXTERNAL_POOL,24,REGULAR_CAREER
190149,De Marcos,80,RB,,DEF,34,Spain,Athletic Club,La Liga,Right,79,64,75,75,77,79,,VALUE,EXTERNAL_POOL,24,REGULAR_CAREER
202477,Deulofeu,80,CF,ST,ATT,29,Spain,Udinese,Serie A,Right,90,79,76,86,30,67,,VALUE,EXTERNAL_POOL,24,REGULAR_CAREER
234574,Diogo Dalot,80,RB,,DEF,24,Portugal,Manchester United,Premier League,Right,81,61,76,78,75,79,,VALUE,EXTERNAL_POOL,24,REGULAR_CAREER
226162,E. Buendía,80,RM,CAM,MID,26,Argentina,Aston Villa,Premier League,Right,69,74,81,83,66,71,,VALUE,EXTERNAL_POOL,24,REGULAR_CAREER
241390,E. Elmas,80,CAM,"CM,LW",MID,23,North Macedonia,Napoli,Serie A,Right,75,73,76,84,66,69,,VALUE,EXTERNAL_POOL,24,REGULAR_CAREER
208448,E. Forsberg,80,CAM,CF,MID,31,Sweden,RB Leipzig,Bundesliga,Right,65,73,82,82,36,61,,VALUE,EXTERNAL_POOL,24,REGULAR_CAREER
231521,E. Palacios,80,CM,"CDM,CAM",MID,24,Argentina,Bayer 04 Leverkusen,Bundesliga,Right,64,74,77,79,79,73,,VALUE,EXTERNAL_POOL,24,REGULAR_CAREER
204234,Edgar Badia,80,GK,,GK,31,Spain,Elche,La Liga 2,Right,,,,,,,,VALUE,EXTERNAL_POOL,24,REGULAR_CAREER
189271,F. Coquelin,80,CM,"LM,RM",MID,32,France,Villarreal,La Liga,Right,67,68,78,79,78,79,,VALUE,EXTERNAL_POOL,24,REGULAR_CAREER
236804,F. Medina,80,CB,,DEF,24,Argentina,Lens,Ligue 1,Left,71,36,69,70,80,78,,VALUE,EXTERNAL_POOL,24,REGULAR_CAREER
182494,F. Muslera,80,GK,,GK,37,Uruguay,Galatasaray,Super Lig,Right,,,,,,,,VALUE,EXTERNAL_POOL,24,REGULAR_CAREER
234569,Florentino,80,CDM,CM,MID,23,Portugal,Benfica,Liga Portugal,Right,58,47,67,73,79,78,,VALUE,EXTERNAL_POOL,24,REGULAR_CAREER
235997,Fran Beltrán,80,CDM,CM,MID,24,Spain,Celta de Vigo,La Liga,Right,58,56,78,77,78,66,,VALUE,EXTERNAL_POOL,24,REGULAR_CAREER
138956,G. Chiellini,80,CB,,DEF,38,Italy,Los Angeles FC,Major League Soccer,Left,64,46,60,58,81,82,,VALUE,EXTERNAL_POOL,24,REGULAR_CAREER
262621,G. Mamardashvili,80,GK,,GK,22,Georgia,Valencia,La Liga,Left,,,,,,,,VALUE,EXTERNAL_POOL,24,REGULAR_CAREER
181291,G. Wijnaldum,80,CM,CDM,MID,32,Netherlands,Al Ettifaq,Pro League,Right,68,72,77,80,77,74,,VALUE,EXTERNAL_POOL,24,REGULAR_CAREER
256903,Gonçalo Ramos,80,ST,,ATT,22,Portugal,Paris Saint Germain,Ligue 1,Right,77,78,65,77,47,82,,VALUE,EXTERNAL_POOL,24,REGULAR_CAREER
234742,H. Barnes,80,LW,LM,ATT,25,England,Newcastle United,Premier League,Right,85,77,75,81,43,69,,VALUE,EXTERNAL_POOL,24,REGULAR_CAREER
210021,H. Mukhtar,80,CF,"ST,CAM",ATT,28,Germany,Nashville SC,Major League Soccer,Right,82,75,80,82,44,64,,VALUE,EXTERNAL_POOL,24,REGULAR_CAREER
219789,H. Traoré,80,RB,,DEF,31,Mali,Real Sociedad,La Liga,Right,82,57,72,76,75,78,,VALUE,EXTERNAL_POOL,24,REGULAR_CAREER
230225,Heberto Gaúcho,80,CB,CDM,DEF,27,Brazil,Atlético Mineiro,Serie A,Right,71,61,57,63,82,80,,VALUE,EXTERNAL_POOL,24,REGULAR_CAREER
230204,Héniton Pires,80,GK,,GK,27,Brazil,Flamengo,Serie A,Right,,,,,,,,VALUE,EXTERNAL_POOL,24,REGULAR_CAREER
247257,Ibañez,80,CB,,DEF,24,Brazil,Al Ahli Jeddah,Pro League,Right,85,32,45,60,82,81,,VALUE,EXTERNAL_POOL,24,REGULAR_CAREER
197781,Isco,80,CAM,"LM,CM",MID,31,Spain,Real Betis,La Liga,Right,62,72,80,83,59,56,,VALUE,EXTERNAL_POOL,24,REGULAR_CAREER
193082,J. Cuadrado,80,RM,"RB,RW",MID,35,Colombia,Inter,Serie A,Right,88,73,78,84,74,68,,VALUE,EXTERNAL_POOL,24,REGULAR_CAREER
237221,J. Foyth,80,RB,"CB,CDM",DEF,25,Argentina,Villarreal,La Liga,Right,71,46,71,72,81,77,,VALUE,EXTERNAL_POOL,24,REGULAR_CAREER
183711,J. Henderson,80,CM,CDM,MID,33,England,Al Ettifaq,Pro League,Right,61,73,80,77,76,78,,VALUE,EXTERNAL_POOL,24,REGULAR_CAREER
197061,J. Matip,80,CB,,DEF,31,Cameroon,Liverpool,Premier League,Right,61,46,67,70,81,77,,VALUE,EXTERNAL_POOL,24,REGULAR_CAREER
223550,J. Omlin,80,GK,,GK,29,Switzerland,Borussia Mönchengladbach,Bundesliga,Right,,,,,,,,VALUE,EXTERNAL_POOL,24,REGULAR_CAREER
201519,J. Veretout,80,CM,CDM,MID,30,France,Olympique de Marseille,Ligue 1,Right,74,75,78,79,76,80,,VALUE,EXTERNAL_POOL,24,REGULAR_CAREER
222028,J. Weigl,80,CDM,,MID,27,Germany,Borussia Mönchengladbach,Bundesliga,Right,56,64,77,76,76,74,,VALUE,EXTERNAL_POOL,24,REGULAR_CAREER
246191,J. Álvarez,80,ST,"CF,CAM",ATT,23,Argentina,Manchester City,Premier League,Right,79,81,76,83,55,76,,VALUE,EXTERNAL_POOL,24,REGULAR_CAREER
146536,Jesús Navas,80,RB,RM,DEF,37,Spain,Sevilla,La Liga,Right,82,68,79,80,76,55,,VALUE,EXTERNAL_POOL,24,REGULAR_CAREER
224309,Joan Jordán,80,CM,CDM,MID,28,Spain,Sevilla,La Liga,Right,56,76,79,77,70,75,,VALUE,EXTERNAL_POOL,24,REGULAR_CAREER
198164,Jonathan Viera,80,CAM,"CM,LM",MID,33,Spain,Las Palmas,La Liga,Right,80,74,79,80,63,72,,VALUE,EXTERNAL_POOL,24,REGULAR_CAREER
237985,K. Danso,80,CB,,DEF,24,Austria,Lens,Ligue 1,Right,78,32,55,62,79,85,,VALUE,EXTERNAL_POOL,24,REGULAR_CAREER
255565,K. Mitoma,80,LM,,MID,26,Japan,Brighton & Hove Albion,Premier League,Right,84,73,74,85,57,65,,VALUE,EXTERNAL_POOL,24,REGULAR_CAREER
226491,K. Tierney,80,LB,,DEF,26,Scotland,Real Sociedad,La Liga,Left,80,60,75,78,76,75,,VALUE,EXTERNAL_POOL,24,REGULAR_CAREER
184344,L. Bonucci,80,CB,,DEF,36,Italy,FC Union Berlin,Bundesliga,Right,47,59,70,71,82,75,,VALUE,EXTERNAL_POOL,24,REGULAR_CAREER
202884,L. Spinazzola,80,LWB,LM,DEF,30,Italy,Roma,Serie A,Right,91,64,72,79,76,69,,VALUE,EXTERNAL_POOL,24,REGULAR_CAREER
230271,Laure Santeiro,80,CAM,"LM,LW",MID,23,Brazil,Fluminense,Serie A,Left,80,72,77,82,26,45,,VALUE,EXTERNAL_POOL,24,REGULAR_CAREER
236355,Luiz Felipe,80,CB,,DEF,26,Italy,Al Ittihad,Pro League,Right,72,29,61,68,81,74,,VALUE,EXTERNAL_POOL,24,REGULAR_CAREER
232665,M. Arambarri,80,CDM,CM,MID,27,Uruguay,Getafe,La Liga,Right,62,65,74,76,79,78,,VALUE,EXTERNAL_POOL,24,REGULAR_CAREER
184200,M. Arnautović,80,ST,,ATT,34,Austria,Inter,Serie A,Right,74,79,78,79,44,80,,VALUE,EXTERNAL_POOL,24,REGULAR_CAREER
256079,M. Caicedo,80,CDM,CM,MID,21,Ecuador,Chelsea,Premier League,Right,74,63,72,77,77,74,,VALUE,EXTERNAL_POOL,24,REGULAR_CAREER
184392,M. Darmian,80,CB,"RWB,RM",DEF,33,Italy,Inter,Serie A,Right,71,59,73,76,83,71,,VALUE,EXTERNAL_POOL,24,REGULAR_CAREER
208461,M. de Roon,80,CDM,"CM,CB",MID,32,Netherlands,Atalanta,Serie A,Right,69,70,71,72,82,83,,VALUE,EXTERNAL_POOL,24,REGULAR_CAREER
227290,M. Dmitrović,80,GK,,GK,31,Serbia,Sevilla,La Liga,Left,,,,,,,,VALUE,EXTERNAL_POOL,24,REGULAR_CAREER
201399,M. Icardi,80,ST,,ATT,30,Argentina,Galatasaray,Super Lig,Right,67,81,69,73,40,72,,VALUE,EXTERNAL_POOL,24,REGULAR_CAREER
223273,M. Pašalić,80,CAM,"CF,CM",MID,28,Croatia,Atalanta,Serie A,Right,73,78,76,80,67,77,,VALUE,EXTERNAL_POOL,24,REGULAR_CAREER
204923,M. Sabitzer,80,CM,"CAM,CDM",MID,29,Austria,Borussia Dortmund,Bundesliga,Right,69,81,80,80,72,75,,VALUE,EXTERNAL_POOL,24,REGULAR_CAREER
230201,Maikel Catarino,80,RB,RM,DEF,27,Brazil,Corinthians,Serie A,Right,76,51,70,77,77,72,,VALUE,EXTERNAL_POOL,24,REGULAR_CAREER
208104,Matheus,80,GK,,GK,30,Brazil,Sporting Braga,Liga Portugal,Right,,,,,,,,VALUE,EXTERNAL_POOL,24,REGULAR_CAREER
205431,N. Füllkrug,80,ST,,ATT,30,Germany,Borussia Dortmund,Bundesliga,Right,62,83,70,74,40,78,,VALUE,EXTERNAL_POOL,24,REGULAR_CAREER
193198,N. Gudelj,80,CB,CDM,DEF,31,Serbia,Sevilla,La Liga,Right,55,73,78,70,79,85,,VALUE,EXTERNAL_POOL,24,REGULAR_CAREER
211256,N. Tagliafico,80,LB,,DEF,30,Argentina,Olympique Lyonnais,Ligue 1,Left,79,56,72,75,78,80,,VALUE,EXTERNAL_POOL,24,REGULAR_CAREER
238067,N. Zaniolo,80,RM,CF,MID,23,Italy,Aston Villa,Premier League,Left,83,78,72,81,51,86,,VALUE,EXTERNAL_POOL,24,REGULAR_CAREER
227890,Nuno Santos,80,LW,LWB,ATT,28,Portugal,Sporting CP,Liga Portugal,Left,83,81,76,80,67,69,,VALUE,EXTERNAL_POOL,24,REGULAR_CAREER
193698,O. Baumann,80,GK,,GK,33,Germany,TSG Hoffenheim,Bundesliga,Right,,,,,,,,VALUE,EXTERNAL_POOL,24,REGULAR_CAREER
221697,O. Watkins,80,ST,,ATT,27,England,Aston Villa,Premier League,Right,84,79,68,76,46,75,,VALUE,EXTERNAL_POOL,24,REGULAR_CAREER
227813,O. Zinchenko,80,LB,,DEF,26,Ukraine,Arsenal,Premier League,Left,66,66,83,83,78,69,,VALUE,EXTERNAL_POOL,24,REGULAR_CAREER
199576,Oriol Romeu,80,CDM,CM,MID,31,Spain,FC Barcelona,La Liga,Right,43,54,69,67,79,82,,VALUE,EXTERNAL_POOL,24,REGULAR_CAREER
188567,P. Aubameyang,80,ST,,ATT,34,Gabon,Olympique de Marseille,Ligue 1,Right,83,81,72,77,35,64,,VALUE,EXTERNAL_POOL,24,REGULAR_CAREER
237942,P. Estupiñán,80,LB,,DEF,25,Ecuador,Brighton & Hove Albion,Premier League,Left,77,47,71,76,77,75,,VALUE,EXTERNAL_POOL,24,REGULAR_CAREER
221087,Pau López,80,GK,,GK,28,Spain,Olympique de Marseille,Ligue 1,Left,,,,,,,,VALUE,EXTERNAL_POOL,24,REGULAR_CAREER
238896,Pepê,80,RM,"LM,RB",MID,26,Brazil,Porto,Liga Portugal,Right,86,68,71,83,62,60,,VALUE,EXTERNAL_POOL,24,REGULAR_CAREER
224196,R. Bensebaini,80,LB,CB,DEF,28,Algeria,Borussia Dortmund,Bundesliga,Left,77,70,72,77,79,79,,VALUE,EXTERNAL_POOL,24,REGULAR_CAREER
187598,Rafael Tolói,80,CB,,DEF,32,Italy,Atalanta,Serie A,Right,67,52,59,65,82,82,,VALUE,EXTERNAL_POOL,24,REGULAR_CAREER
231943,Richarlison,80,ST,"LW,RW",ATT,26,Brazil,Tottenham Hotspur,Premier League,Right,77,79,72,82,53,78,,VALUE,EXTERNAL_POOL,24,REGULAR_CAREER
224158,S. Amrabat,80,CDM,CM,MID,26,Morocco,Manchester United,Premier League,Right,68,71,77,79,74,80,,VALUE,EXTERNAL_POOL,24,REGULAR_CAREER
173426,S. Mignolet,80,GK,,GK,35,Belgium,Club Brugge,Jupiler Pro League,Right,,,,,,,,VALUE,EXTERNAL_POOL,24,REGULAR_CAREER
208421,Saúl,80,CM,"LM,LWB",MID,28,Spain,Atlético Madrid,La Liga,Left,69,76,76,78,77,75,,VALUE,EXTERNAL_POOL,24,REGULAR_CAREER
199564,Sergi Roberto,80,RB,CM,DEF,31,Spain,FC Barcelona,La Liga,Right,74,63,79,77,75,73,,VALUE,EXTERNAL_POOL,24,REGULAR_CAREER
202651,Suso,80,RW,CAM,ATT,29,Spain,Sevilla,La Liga,Left,72,76,80,83,32,51,,VALUE,EXTERNAL_POOL,24,REGULAR_CAREER
231352,T. Abraham,80,ST,,ATT,25,England,Roma,Serie A,Right,81,76,66,77,36,80,,VALUE,EXTERNAL_POOL,24,REGULAR_CAREER
240679,T. Koopmeiners,80,CM,CDM,MID,25,Netherlands,Atalanta,Serie A,Left,68,75,80,76,76,77,,VALUE,EXTERNAL_POOL,24,REGULAR_CAREER
237681,T. Kubo,80,RW,"ST,CAM",ATT,22,Japan,Real Sociedad,La Liga,Left,84,75,76,83,40,60,,VALUE,EXTERNAL_POOL,24,REGULAR_CAREER
205686,T. Savanier,80,CAM,CM,MID,31,France,Montpellier,Ligue 1,Right,62,75,83,82,68,70,,VALUE,EXTERNAL_POOL,24,REGULAR_CAREER
230313,Tony Abranjes,80,CB,,DEF,35,Brazil,Internacional,Serie A,Right,67,39,55,58,81,85,,VALUE,EXTERNAL_POOL,24,REGULAR_CAREER
221660,V. Lindelöf,80,CB,,DEF,28,Sweden,Manchester United,Premier League,Right,59,51,73,72,81,76,,VALUE,EXTERNAL_POOL,24,REGULAR_CAREER
223710,V. Muriqi,80,ST,,ATT,29,Kosovo,Mallorca,La Liga,Left,55,82,63,73,29,82,,VALUE,EXTERNAL_POOL,24,REGULAR_CAREER
223874,V. Rongier,80,CDM,CM,MID,28,France,Olympique de Marseille,Ligue 1,Right,68,65,75,78,76,80,,VALUE,EXTERNAL_POOL,24,REGULAR_CAREER
255253,Vitinha,80,CM,,MID,23,Portugal,Paris Saint Germain,Ligue 1,Right,69,68,79,85,70,66,,VALUE,EXTERNAL_POOL,24,REGULAR_CAREER
232487,W. Endo,80,CM,CDM,MID,30,Japan,Liverpool,Premier League,Right,67,68,73,80,79,75,,VALUE,EXTERNAL_POOL,24,REGULAR_CAREER
245630,Y. Fofana,80,CDM,CM,MID,24,France,Monaco,Ligue 1,Right,69,67,74,77,78,79,,VALUE,EXTERNAL_POOL,24,REGULAR_CAREER
233738,Zubeldia,80,CB,,DEF,26,Spain,Real Sociedad,La Liga,Right,72,63,74,73,80,81,,VALUE,EXTERNAL_POOL,24,REGULAR_CAREER
248148,Zubimendi,80,CDM,CM,MID,24,Spain,Real Sociedad,La Liga,Right,64,65,74,75,78,71,,VALUE,EXTERNAL_POOL,24,REGULAR_CAREER
225201,Álex Berenguer,80,LM,RM,MID,27,Spain,Athletic Club,La Liga,Right,82,75,76,82,64,66,,VALUE,EXTERNAL_POOL,24,REGULAR_CAREER
217036,Álex Moreno,80,LB,,DEF,30,Spain,Aston Villa,Premier League,Left,87,69,73,77,76,70,,VALUE,EXTERNAL_POOL,24,REGULAR_CAREER
245235,A. Bah,79,RB,,DEF,25,Denmark,Benfica,Liga Portugal,Right,91,65,72,75,74,81,,VALUE,EXTERNAL_POOL,24,REGULAR_CAREER
173221,A. Candreva,79,CF,"RM,CM",ATT,36,Italy,Salernitana,Serie A,Right,69,79,80,81,62,63,,VALUE,EXTERNAL_POOL,24,REGULAR_CAREER
163489,A. Consigli,79,GK,,GK,36,Italy,Sassuolo,Serie A,Right,,,,,,,,VALUE,EXTERNAL_POOL,24,REGULAR_CAREER
229942,A. Disasi,79,CB,,DEF,25,France,Chelsea,Premier League,Right,49,48,53,56,80,84,,VALUE,EXTERNAL_POOL,24,REGULAR_CAREER
225663,A. Golovin,79,LM,"RM,CAM",MID,27,Russia,Monaco,Ligue 1,Right,76,72,78,82,60,66,,VALUE,EXTERNAL_POOL,24,REGULAR_CAREER
240753,A. Gouiri,79,ST,"LM,LW",ATT,23,France,Rennes,Ligue 1,Right,76,81,76,80,45,71,,VALUE,EXTERNAL_POOL,24,REGULAR_CAREER
215716,A. Mitrović,79,ST,,ATT,28,Serbia,Al Hilal,Pro League,Right,63,79,61,70,27,88,,VALUE,EXTERNAL_POOL,24,REGULAR_CAREER
216549,A. Sørloth,79,ST,,ATT,27,Norway,Villarreal,La Liga,Left,79,78,69,74,36,85,,VALUE,EXTERNAL_POOL,24,REGULAR_CAREER
177413,A. Witsel,79,CDM,"CB,CM",MID,34,Belgium,Atlético Madrid,La Liga,Right,35,63,77,75,79,74,,VALUE,EXTERNAL_POOL,24,REGULAR_CAREER
230216,Adnan Vidual,79,RB,,DEF,31,Brazil,Internacional,Serie A,Right,83,52,70,71,76,72,,VALUE,EXTERNAL_POOL,24,REGULAR_CAREER
212462,Alex Telles,79,LB,LM,DEF,30,Brazil,Al Nassr,Pro League,Left,78,74,79,77,75,70,,VALUE,EXTERNAL_POOL,24,REGULAR_CAREER
191740,Ander Herrera,79,CM,CDM,MID,33,Spain,Athletic Club,La Liga,Right,60,71,77,78,79,74,,VALUE,EXTERNAL_POOL,24,REGULAR_CAREER
220651,Angeliño,79,LB,LM,DEF,26,Spain,Galatasaray,Super Lig,Left,71,71,81,82,74,68,,VALUE,EXTERNAL_POOL,24,REGULAR_CAREER
215590,Ayoze Pérez,79,LM,"RM,CAM",MID,29,Spain,Real Betis,La Liga,Right,76,72,76,82,58,64,,VALUE,EXTERNAL_POOL,24,REGULAR_CAREER
184432,Azpilicueta,79,RB,CB,DEF,33,Spain,Atlético Madrid,La Liga,Right,61,55,76,72,81,73,,VALUE,EXTERNAL_POOL,24,REGULAR_CAREER
190674,B. André,79,CDM,CM,MID,32,France,Lille,Ligue 1,Right,63,64,73,75,78,83,,VALUE,EXTERNAL_POOL,24,REGULAR_CAREER
189682,B. Mee,79,CB,,DEF,33,England,Brentford,Premier League,Left,51,42,54,57,82,76,,VALUE,EXTERNAL_POOL,24,REGULAR_CAREER
242187,C. Baumgartner,79,CAM,"CM,CF",MID,23,Austria,RB Leipzig,Bundesliga,Right,75,73,74,81,45,59,,VALUE,EXTERNAL_POOL,24,REGULAR_CAREER
209846,C. Günter,79,LB,LM,DEF,30,Germany,SC Freiburg,Bundesliga,Left,81,58,71,71,74,84,,VALUE,EXTERNAL_POOL,24,REGULAR_CAREER
211093,C. McGregor,79,CDM,CM,MID,30,Scotland,Celtic,Premiership,Left,80,74,78,81,69,77,,VALUE,EXTERNAL_POOL,24,REGULAR_CAREER
227796,C. Pulisic,79,LW,"RW,LM",ATT,24,United States,Milan,Serie A,Right,84,71,73,84,37,55,,VALUE,EXTERNAL_POOL,24,REGULAR_CAREER
219683,C. Tolisso,79,CDM,CM,MID,28,France,Olympique Lyonnais,Ligue 1,Right,58,78,77,77,77,74,,VALUE,EXTERNAL_POOL,24,REGULAR_CAREER
210930,Carles Gil,79,CAM,RM,MID,30,Spain,New England,Major League Soccer,Left,70,69,80,79,38,62,,VALUE,EXTERNAL_POOL,24,REGULAR_CAREER
258648,Carlos Augusto,79,LM,,MID,24,Brazil,Inter,Serie A,Left,79,70,76,79,76,80,,VALUE,EXTERNAL_POOL,24,REGULAR_CAREER
234153,Carlos Soler,79,CM,,MID,26,Spain,Paris Saint Germain,Ligue 1,Right,77,76,80,79,70,72,,VALUE,EXTERNAL_POOL,24,REGULAR_CAREER
243976,Catena,79,CB,,DEF,28,Spain,Osasuna,La Liga,Right,65,39,63,53,80,78,,VALUE,EXTERNAL_POOL,24,REGULAR_CAREER
239231,Cucurella,79,LB,"CB,LWB",DEF,24,Spain,Chelsea,Premier League,Left,75,68,77,79,75,74,,VALUE,EXTERNAL_POOL,24,REGULAR_CAREER
198032,D. Burn,79,CB,LB,DEF,31,England,Newcastle United,Premier League,Left,51,34,67,64,80,85,,VALUE,EXTERNAL_POOL,24,REGULAR_CAREER
233306,D. Henderson,79,GK,,GK,26,England,Crystal Palace,Premier League,Right,,,,,,,,VALUE,EXTERNAL_POOL,24,REGULAR_CAREER
229261,D. Zakaria,79,CDM,CM,MID,26,Switzerland,Monaco,Ligue 1,Right,80,63,72,76,78,84,,VALUE,EXTERNAL_POOL,24,REGULAR_CAREER
216150,D. Zappacosta,79,LWB,"LM,RM",DEF,31,Italy,Atalanta,Serie A,Right,78,67,73,74,75,72,,VALUE,EXTERNAL_POOL,24,REGULAR_CAREER
222509,Dani Ceballos,79,CM,"CDM,LW",MID,26,Spain,Real Madrid,La Liga,Right,63,71,78,82,70,67,,VALUE,EXTERNAL_POOL,24,REGULAR_CAREER
201505,David López,79,CB,CDM,DEF,33,Spain,Girona,La Liga,Right,45,57,70,65,80,74,,VALUE,EXTERNAL_POOL,24,REGULAR_CAREER
230184,Diego Essler,79,LB,LM,DEF,23,Brazil,Atlético Mineiro,Serie A,Left,89,58,70,77,74,59,,VALUE,EXTERNAL_POOL,24,REGULAR_CAREER
236499,Douglas Luiz,79,CDM,CM,MID,25,Brazil,Aston Villa,Premier League,Right,66,72,82,78,74,72,,VALUE,EXTERNAL_POOL,24,REGULAR_CAREER
228413,E. Audero,79,GK,,GK,26,Italy,Inter,Serie A,Right,,,,,,,,VALUE,EXTERNAL_POOL,24,REGULAR_CAREER
179813,E. Cavani,79,ST,,ATT,36,Uruguay,Boca Juniors,Liga Profesional,Right,59,82,68,72,51,72,,VALUE,EXTERNAL_POOL,24,REGULAR_CAREER
235794,E. Eze,79,CAM,"CM,LW",MID,25,England,Crystal Palace,Premier League,Right,77,76,77,82,49,68,,VALUE,EXTERNAL_POOL,24,REGULAR_CAREER
227678,E. Konsa,79,CB,,DEF,25,England,Aston Villa,Premier League,Right,77,39,62,71,80,76,,VALUE,EXTERNAL_POOL,24,REGULAR_CAREER
238717,E. Pinnock,79,CB,,DEF,30,Jamaica,Brentford,Premier League,Left,70,37,57,62,80,82,,VALUE,EXTERNAL_POOL,24,REGULAR_CAREER
234468,E. Reynoso,79,CAM,LM,MID,27,Argentina,Minnesota United,Major League Soccer,Left,65,67,78,80,59,67,,VALUE,EXTERNAL_POOL,24,REGULAR_CAREER
205678,E. Višća,79,RM,RW,MID,33,Bosnia and Herzegovina,Trabzonspor,Super Lig,Right,84,78,76,80,47,62,,VALUE,EXTERNAL_POOL,24,REGULAR_CAREER
247500,Edgar,79,CB,CDM,DEF,26,Spain,Almería,La Liga,Right,65,49,65,63,82,79,,VALUE,EXTERNAL_POOL,24,REGULAR_CAREER
230168,Emelvinson,79,GK,,GK,35,Brazil,Bragantino,Serie A,Right,,,,,,,,VALUE,EXTERNAL_POOL,24,REGULAR_CAREER
231913,F. Aursnes,79,CM,"LM,RB",MID,27,Norway,Benfica,Liga Portugal,Right,76,66,78,79,74,80,,VALUE,EXTERNAL_POOL,24,REGULAR_CAREER
247463,F. Balogun,79,ST,,ATT,21,United States,Monaco,Ligue 1,Right,80,79,62,77,23,69,,VALUE,EXTERNAL_POOL,24,REGULAR_CAREER
234943,F. Neuhaus,79,CM,,MID,26,Germany,Borussia Mönchengladbach,Bundesliga,Right,67,72,78,79,67,69,,VALUE,EXTERNAL_POOL,24,REGULAR_CAREER
201269,F. Rønnow,79,GK,,GK,30,Denmark,FC Union Berlin,Bundesliga,Right,,,,,,,,VALUE,EXTERNAL_POOL,24,REGULAR_CAREER
189125,G. Bonaventura,79,CM,CAM,MID,33,Italy,Fiorentina,Serie A,Right,69,78,80,80,70,67,,VALUE,EXTERNAL_POOL,24,REGULAR_CAREER
231340,G. Montiel,79,RB,RWB,DEF,26,Argentina,Nottingham Forest,Premier League,Right,82,62,69,75,76,81,,VALUE,EXTERNAL_POOL,24,REGULAR_CAREER
253002,G. Raspadori,79,CF,"ST,LW",ATT,23,Italy,Napoli,Serie A,Right,81,78,68,81,27,59,,VALUE,EXTERNAL_POOL,24,REGULAR_CAREER
199813,G. Trauner,79,CB,,DEF,31,Austria,Feyenoord,Eredivisie,Right,63,57,67,67,80,86,,VALUE,EXTERNAL_POOL,24,REGULAR_CAREER
230312,Gabri Prestão,79,GK,,GK,31,Brazil,Internacional,Serie A,Right,,,,,,,,VALUE,EXTERNAL_POOL,24,REGULAR_CAREER
224411,Gonçalo Guedes,79,ST,LM,ATT,26,Portugal,Benfica,Liga Portugal,Right,86,81,73,82,38,70,,VALUE,EXTERNAL_POOL,24,REGULAR_CAREER
257179,Gonçalo Inácio,79,CB,,DEF,21,Portugal,Sporting CP,Liga Portugal,Left,80,36,61,61,80,78,,VALUE,EXTERNAL_POOL,24,REGULAR_CAREER
203263,H. Maguire,79,CB,,DEF,30,England,Manchester United,Premier League,Right,46,57,67,65,78,82,,VALUE,EXTERNAL_POOL,24,REGULAR_CAREER
200155,H. Vanaken,79,CM,CAM,MID,30,Belgium,Club Brugge,Jupiler Pro League,Right,45,79,81,75,59,76,,VALUE,EXTERNAL_POOL,24,REGULAR_CAREER
215998,I. Fernández,79,CAM,"CM,RM",MID,33,Argentina,River Plate,Liga Profesional,Left,75,76,80,79,69,74,,VALUE,EXTERNAL_POOL,24,REGULAR_CAREER
181458,I. Perišić,79,LW,LWB,ATT,34,Croatia,Tottenham Hotspur,Premier League,Right,71,78,80,79,73,75,,VALUE,EXTERNAL_POOL,24,REGULAR_CAREER
230021,J. Aidoo,79,CB,,DEF,27,Ghana,Celta de Vigo,La Liga,Right,75,27,47,50,78,88,,VALUE,EXTERNAL_POOL,24,REGULAR_CAREER
224371,J. Bowen,79,RM,RW,MID,26,England,West Ham United,Premier League,Left,77,77,74,80,44,66,,VALUE,EXTERNAL_POOL,24,REGULAR_CAREER
225100,J. Gomez,79,CB,RB,DEF,26,England,Liverpool,Premier League,Right,82,27,68,70,79,77,,VALUE,EXTERNAL_POOL,24,REGULAR_CAREER
210881,J. McGinn,79,CM,"RM,CDM",MID,28,Scotland,Aston Villa,Premier League,Left,68,74,75,77,73,81,,VALUE,EXTERNAL_POOL,24,REGULAR_CAREER
214979,J. Musso,79,GK,,GK,29,Argentina,Atalanta,Serie A,Right,,,,,,,,VALUE,EXTERNAL_POOL,24,REGULAR_CAREER
202695,J. Tarkowski,79,CB,,DEF,30,England,Everton,Premier League,Right,55,45,62,60,81,79,,VALUE,EXTERNAL_POOL,24,REGULAR_CAREER
251805,J. Timber,79,CB,RB,DEF,22,Netherlands,Arsenal,Premier League,Right,78,47,67,77,80,80,,VALUE,EXTERNAL_POOL,24,REGULAR_CAREER
245388,J. Todibo,79,CB,,DEF,23,France,Nice,Ligue 1,Right,74,47,63,67,80,78,,VALUE,EXTERNAL_POOL,24,REGULAR_CAREER
172871,J. Vertonghen,79,CB,,DEF,36,Belgium,Anderlecht,Jupiler Pro League,Left,65,61,72,66,81,78,,VALUE,EXTERNAL_POOL,24,REGULAR_CAREER
256325,J. Šutalo,79,CB,,DEF,23,Croatia,Ajax,Eredivisie,Right,77,32,61,72,80,79,,VALUE,EXTERNAL_POOL,24,REGULAR_CAREER
230234,Jorge Andrão,79,CDM,CM,MID,27,Brazil,Fluminense,Serie A,Right,67,62,74,75,78,76,,VALUE,EXTERNAL_POOL,24,REGULAR_CAREER
212442,José Sá,79,GK,,GK,30,Portugal,Wolverhampton Wanderers,Premier League,Right,,,,,,,,VALUE,EXTERNAL_POOL,24,REGULAR_CAREER
197891,Juanmi,79,LM,ST,MID,30,Spain,Al Riyadh,Pro League,Right,79,79,72,80,31,62,,VALUE,EXTERNAL_POOL,24,REGULAR_CAREER
211748,K. Demirbay,79,CM,"CDM,CAM",MID,29,Germany,Galatasaray,Super Lig,Left,59,76,79,81,71,71,,VALUE,EXTERNAL_POOL,24,REGULAR_CAREER
195365,K. Kampl,79,CM,CDM,MID,32,Slovenia,RB Leipzig,Bundesliga,Right,65,66,80,81,64,61,,VALUE,EXTERNAL_POOL,24,REGULAR_CAREER
224081,K. Phillips,79,CDM,CM,MID,27,England,Manchester City,Premier League,Right,66,65,76,75,77,76,,VALUE,EXTERNAL_POOL,24,REGULAR_CAREER
247246,K. Thuram,79,CM,CDM,MID,22,France,Nice,Ligue 1,Right,72,72,77,78,77,79,,VALUE,EXTERNAL_POOL,24,REGULAR_CAREER
200610,K. Volland,79,ST,"CAM,CF",ATT,30,Germany,FC Union Berlin,Bundesliga,Left,68,82,78,78,46,84,,VALUE,EXTERNAL_POOL,24,REGULAR_CAREER
204311,K. Zouma,79,CB,,DEF,28,France,West Ham United,Premier League,Right,61,51,61,56,79,83,,VALUE,EXTERNAL_POOL,24,REGULAR_CAREER
226376,Kaku,79,CAM,LM,MID,28,Paraguay,Al Ain,Pro League,Left,81,72,81,80,52,64,,VALUE,EXTERNAL_POOL,24,REGULAR_CAREER
219733,L. Ajorque,79,ST,,ATT,29,France,FSV Mainz 05,Bundesliga,Left,58,79,63,70,46,87,,VALUE,EXTERNAL_POOL,24,REGULAR_CAREER
229906,L. Bailey,79,RM,"ST,RW",MID,25,Jamaica,Aston Villa,Premier League,Left,90,77,73,82,33,62,,VALUE,EXTERNAL_POOL,24,REGULAR_CAREER
189805,L. de Jong,79,ST,,ATT,32,Netherlands,PSV,Eredivisie,Right,41,79,71,71,46,77,,VALUE,EXTERNAL_POOL,24,REGULAR_CAREER
200458,L. Digne,79,LB,,DEF,29,France,Aston Villa,Premier League,Left,76,69,78,76,76,74,,VALUE,EXTERNAL_POOL,24,REGULAR_CAREER
241187,L. Geertruida,79,RB,"CB,CDM",DEF,22,Netherlands,Feyenoord,Eredivisie,Right,78,53,69,75,79,80,,VALUE,EXTERNAL_POOL,24,REGULAR_CAREER
222331,L. Klostermann,79,CB,RB,DEF,27,Germany,RB Leipzig,Bundesliga,Right,81,50,64,71,81,77,,VALUE,EXTERNAL_POOL,24,REGULAR_CAREER
244261,L. Majer,79,CM,,MID,25,Croatia,VfL Wolfsburg,Bundesliga,Left,66,73,81,83,60,67,,VALUE,EXTERNAL_POOL,24,REGULAR_CAREER
199110,L. Muriel,79,ST,,ATT,32,Colombia,Atalanta,Serie A,Right,88,80,73,85,27,68,,VALUE,EXTERNAL_POOL,24,REGULAR_CAREER
235008,L. Robertone,79,CM,"CAM,CDM",MID,26,Argentina,Almería,La Liga,Right,84,77,77,80,72,73,,VALUE,EXTERNAL_POOL,24,REGULAR_CAREER
199833,L. Unnerstall,79,GK,,GK,32,Germany,FC Twente,Eredivisie,Right,,,,,,,,VALUE,EXTERNAL_POOL,24,REGULAR_CAREER
215270,L. Zelarayán,79,CAM,CF,MID,31,Armenia,Al Fateh,Pro League,Right,71,77,78,82,46,65,,VALUE,EXTERNAL_POOL,24,REGULAR_CAREER
230498,Luimo Boas Santos,79,ST,,ATT,23,Brazil,Santos,Serie A,Right,83,79,65,81,28,64,,VALUE,EXTERNAL_POOL,24,REGULAR_CAREER
252154,M. Carnesecchi,79,GK,,GK,23,Italy,Atalanta,Serie A,Right,,,,,,,,VALUE,EXTERNAL_POOL,24,REGULAR_CAREER
227174,M. Cash,79,RB,RWB,DEF,25,Poland,Aston Villa,Premier League,Right,80,66,71,75,74,75,,VALUE,EXTERNAL_POOL,24,REGULAR_CAREER
235840,M. Di Gregorio,79,GK,,GK,25,Italy,Monza,Serie A,Right,,,,,,,,VALUE,EXTERNAL_POOL,24,REGULAR_CAREER
199439,M. Gregoritsch,79,ST,,ATT,29,Austria,SC Freiburg,Bundesliga,Left,59,79,71,72,42,76,,VALUE,EXTERNAL_POOL,24,REGULAR_CAREER
236496,M. Guendouzi,79,CM,CF,MID,24,France,Lazio,Serie A,Right,74,69,78,78,74,81,,VALUE,EXTERNAL_POOL,24,REGULAR_CAREER
245155,M. Kudus,79,RW,CAM,ATT,22,Ghana,West Ham United,Premier League,Left,90,74,71,84,59,75,,VALUE,EXTERNAL_POOL,24,REGULAR_CAREER
235374,M. Lazzari,79,RB,,DEF,29,Italy,Lazio,Serie A,Right,92,62,76,82,70,66,,VALUE,EXTERNAL_POOL,24,REGULAR_CAREER
198009,M. Perin,79,GK,,GK,30,Italy,Juventus,Serie A,Right,,,,,,,,VALUE,EXTERNAL_POOL,24,REGULAR_CAREER
199641,M. Sels,79,GK,,GK,31,Belgium,Strasbourg,Ligue 1,Right,,,,,,,,VALUE,EXTERNAL_POOL,24,REGULAR_CAREER
190745,M. Silvestri,79,GK,,GK,32,Italy,Udinese,Serie A,Right,,,,,,,,VALUE,EXTERNAL_POOL,24,REGULAR_CAREER
243854,M. Simakan,79,CB,RB,DEF,23,France,RB Leipzig,Bundesliga,Right,74,43,64,68,80,80,,VALUE,EXTERNAL_POOL,24,REGULAR_CAREER
228093,M. Thuram,79,ST,,ATT,25,France,Inter,Serie A,Right,84,77,71,78,48,76,,VALUE,EXTERNAL_POOL,24,REGULAR_CAREER
198141,Marc Bartra,79,CB,,DEF,32,Spain,Real Betis,La Liga,Right,71,61,72,72,79,77,,VALUE,EXTERNAL_POOL,24,REGULAR_CAREER
167959,Marcelo Grohe,79,GK,,GK,36,Brazil,Al Ittihad,Pro League,Right,,,,,,,,VALUE,EXTERNAL_POOL,24,REGULAR_CAREER
192638,Marcos Alonso,79,LB,CB,DEF,32,Spain,FC Barcelona,La Liga,Left,51,74,81,77,78,76,,VALUE,EXTERNAL_POOL,24,REGULAR_CAREER
253124,Matheus Nunes,79,CM,LM,MID,24,Portugal,Manchester City,Premier League,Right,83,71,74,81,73,77,,VALUE,EXTERNAL_POOL,24,REGULAR_CAREER
230625,Matheus Reis,79,CB,"LB,LWB",DEF,28,Brazil,Sporting CP,Liga Portugal,Left,73,53,67,74,79,83,,VALUE,EXTERNAL_POOL,24,REGULAR_CAREER
230251,Melvin Parrela,79,CDM,,MID,23,Brazil,Bragantino,Serie A,Right,71,70,70,72,80,84,,VALUE,EXTERNAL_POOL,24,REGULAR_CAREER
206590,Moi Gómez,79,CM,"LM,RM",MID,29,Spain,Osasuna,La Liga,Right,66,75,80,78,61,61,,VALUE,EXTERNAL_POOL,24,REGULAR_CAREER
216475,Morales,79,ST,LM,ATT,35,Spain,Villarreal,La Liga,Right,79,82,75,81,52,67,,VALUE,EXTERNAL_POOL,24,REGULAR_CAREER
244749,N. Aguerd,79,CB,,DEF,27,Morocco,West Ham United,Premier League,Left,71,50,64,64,81,75,,VALUE,EXTERNAL_POOL,24,REGULAR_CAREER
239770,N. Casale,79,CB,,DEF,25,Italy,Lazio,Serie A,Right,77,53,66,69,80,79,,VALUE,EXTERNAL_POOL,24,REGULAR_CAREER
238095,N. Milenković,79,CB,,DEF,25,Serbia,Fiorentina,Serie A,Right,64,45,62,62,79,83,,VALUE,EXTERNAL_POOL,24,REGULAR_CAREER
226166,N. Mukiele,79,RB,"RWB,CB",DEF,25,France,Paris Saint Germain,Ligue 1,Right,77,49,68,72,80,80,,VALUE,EXTERNAL_POOL,24,REGULAR_CAREER
256516,Nico Williams,79,RM,LM,MID,20,Spain,Athletic Club,La Liga,Right,93,73,72,83,33,60,,VALUE,EXTERNAL_POOL,24,REGULAR_CAREER
219812,P. Ciurria,79,RM,,MID,28,Italy,Monza,Serie A,Left,81,74,77,79,48,61,,VALUE,EXTERNAL_POOL,24,REGULAR_CAREER
212138,P. Frankowski,79,RWB,LWB,DEF,28,Poland,Lens,Ligue 1,Right,91,72,75,76,69,74,,VALUE,EXTERNAL_POOL,24,REGULAR_CAREER
256197,P. Hincapié,79,CB,,DEF,21,Ecuador,Bayer 04 Leverkusen,Bundesliga,Left,82,40,64,72,79,77,,VALUE,EXTERNAL_POOL,24,REGULAR_CAREER
231366,P. Lienhart,79,CB,,DEF,26,Austria,SC Freiburg,Bundesliga,Right,70,28,59,63,81,76,,VALUE,EXTERNAL_POOL,24,REGULAR_CAREER
241854,P. Schuurs,79,CB,,DEF,23,Netherlands,Torino,Serie A,Right,72,64,74,69,81,75,,VALUE,EXTERNAL_POOL,24,REGULAR_CAREER
205812,P. Terracciano,79,GK,,GK,33,Italy,Fiorentina,Serie A,Right,,,,,,,,VALUE,EXTERNAL_POOL,24,REGULAR_CAREER
189505,Pedro,79,RW,LW,ATT,35,Spain,Lazio,Serie A,Right,70,74,76,86,36,50,,VALUE,EXTERNAL_POOL,24,REGULAR_CAREER
240709,R. Baku,79,RB,RW,DEF,25,Germany,VfL Wolfsburg,Bundesliga,Right,81,73,74,81,72,77,,VALUE,EXTERNAL_POOL,24,REGULAR_CAREER
193476,R. Cabella,79,CAM,LM,MID,33,France,Lille,Ligue 1,Right,76,73,77,81,40,54,,VALUE,EXTERNAL_POOL,24,REGULAR_CAREER
223697,R. Gosens,79,LWB,LM,DEF,28,Germany,FC Union Berlin,Bundesliga,Left,78,74,73,75,76,79,,VALUE,EXTERNAL_POOL,24,REGULAR_CAREER
246104,R. Gravenberch,79,CM,,MID,21,Netherlands,Liverpool,Premier League,Right,72,76,78,83,68,72,,VALUE,EXTERNAL_POOL,24,REGULAR_CAREER
210315,Raúl de Tomás,79,ST,,ATT,28,Spain,Rayo Vallecano,La Liga,Right,74,79,76,79,39,75,,VALUE,EXTERNAL_POOL,24,REGULAR_CAREER
251573,Renan Lodi,79,LB,LWB,DEF,25,Brazil,Olympique de Marseille,Ligue 1,Left,81,67,75,77,74,73,,VALUE,EXTERNAL_POOL,24,REGULAR_CAREER
210243,Ricardo Pereira,79,RB,RWB,DEF,29,Portugal,Leicester City,Championship,Right,72,66,77,77,79,70,,VALUE,EXTERNAL_POOL,24,REGULAR_CAREER
228789,Robert Sánchez,79,GK,,GK,25,Spain,Chelsea,Premier League,Right,,,,,,,,VALUE,EXTERNAL_POOL,24,REGULAR_CAREER
209440,Romarinho,79,CF,"CAM,ST",ATT,32,Brazil,Al Ittihad,Pro League,Right,85,76,71,82,30,67,,VALUE,EXTERNAL_POOL,24,REGULAR_CAREER
225953,S. Bergwijn,79,LW,RW,ATT,25,Netherlands,Ajax,Eredivisie,Right,83,77,74,81,42,71,,VALUE,EXTERNAL_POOL,24,REGULAR_CAREER
248266,S. Boey,79,RB,,DEF,22,France,Galatasaray,Super Lig,Right,86,55,65,75,76,84,,VALUE,EXTERNAL_POOL,24,REGULAR_CAREER
211348,S. Dimitrievski,79,GK,,GK,29,North Macedonia,Rayo Vallecano,La Liga,Right,,,,,,,,VALUE,EXTERNAL_POOL,24,REGULAR_CAREER
163705,S. Mandanda,79,GK,,GK,38,France,Rennes,Ligue 1,Right,,,,,,,,VALUE,EXTERNAL_POOL,24,REGULAR_CAREER
206594,S. March,79,RM,,MID,28,England,Brighton & Hove Albion,Premier League,Left,75,70,76,80,67,66,,VALUE,EXTERNAL_POOL,24,REGULAR_CAREER
237238,S. McTominay,79,CDM,CM,MID,26,Scotland,Manchester United,Premier League,Right,59,74,72,73,77,84,,VALUE,EXTERNAL_POOL,24,REGULAR_CAREER
200159,S. Ortega,79,GK,,GK,30,Germany,Manchester City,Premier League,Right,,,,,,,,VALUE,EXTERNAL_POOL,24,REGULAR_CAREER
200215,S. Rode,79,CDM,CM,MID,32,Germany,Eintracht Frankfurt,Bundesliga,Right,64,65,72,74,78,74,,VALUE,EXTERNAL_POOL,24,REGULAR_CAREER
205600,S. Umtiti,79,CB,,DEF,29,France,Lille,Ligue 1,Left,62,62,68,65,80,75,,VALUE,EXTERNAL_POOL,24,REGULAR_CAREER
224003,Sergio Herrera,79,GK,,GK,30,Spain,Osasuna,La Liga,Right,,,,,,,,VALUE,EXTERNAL_POOL,24,REGULAR_CAREER
245371,T. Almada,79,CAM,"CM,CF",MID,22,Argentina,Atlanta United,Major League Soccer,Right,86,74,75,83,51,62,,VALUE,EXTERNAL_POOL,24,REGULAR_CAREER
193283,T. Delaney,79,CDM,CM,MID,31,Denmark,Anderlecht,Jupiler Pro League,Left,68,71,73,72,80,80,,VALUE,EXTERNAL_POOL,24,REGULAR_CAREER
212419,T. Mings,79,CB,,DEF,30,England,Aston Villa,Premier League,Left,71,44,67,66,78,83,,VALUE,EXTERNAL_POOL,24,REGULAR_CAREER
236792,T. Souček,79,CDM,CM,MID,28,Czech Republic,West Ham United,Premier League,Right,56,70,71,70,80,83,,VALUE,EXTERNAL_POOL,24,REGULAR_CAREER
244309,T. Teuma,79,CM,"CAM,CDM",MID,29,Malta,Stade de Reims,Ligue 1,Left,68,77,79,76,73,76,,VALUE,EXTERNAL_POOL,24,REGULAR_CAREER
199069,V. Aboubakar,79,ST,,ATT,31,Cameroon,Beşiktaş,Super Lig,Right,73,80,71,79,36,80,,VALUE,EXTERNAL_POOL,24,REGULAR_CAREER
237712,V. Castellanos,79,ST,,ATT,24,Argentina,Lazio,Serie A,Right,76,79,69,76,42,78,,VALUE,EXTERNAL_POOL,24,REGULAR_CAREER
248550,Vivian,79,CB,,DEF,23,Spain,Athletic Club,La Liga,Right,75,48,56,62,80,78,,VALUE,EXTERNAL_POOL,24,REGULAR_CAREER
215223,W. Benítez,79,GK,,GK,30,Argentina,PSV,Eredivisie,Right,,,,,,,,VALUE,EXTERNAL_POOL,24,REGULAR_CAREER
248695,W. Fofana,79,CB,,DEF,22,France,Chelsea,Premier League,Right,73,37,55,66,81,77,,VALUE,EXTERNAL_POOL,24,REGULAR_CAREER
226790,W. Ndidi,79,CDM,CM,MID,26,Nigeria,Leicester City,Championship,Right,66,60,65,67,82,80,,VALUE,EXTERNAL_POOL,24,REGULAR_CAREER
245367,X. Simons,79,CAM,"LW,RW",MID,20,Netherlands,RB Leipzig,Bundesliga,Right,87,73,76,83,61,74,,VALUE,EXTERNAL_POOL,24,REGULAR_CAREER
236480,Y. Bissouma,79,CDM,CM,MID,26,Mali,Tottenham Hotspur,Premier League,Right,72,67,74,77,77,76,,VALUE,EXTERNAL_POOL,24,REGULAR_CAREER
259377,Yeremy Pino,79,LM,"RM,ST",MID,20,Spain,Villarreal,La Liga,Right,76,73,76,79,38,46,,VALUE,EXTERNAL_POOL,24,REGULAR_CAREER
183512,Yuri Berchiche,79,LB,,DEF,33,Spain,Athletic Club,La Liga,Left,80,68,74,75,76,82,,VALUE,EXTERNAL_POOL,24,REGULAR_CAREER
216447,Álvaro García,79,LM,,MID,30,Spain,Rayo Vallecano,La Liga,Left,91,69,73,79,51,44,,VALUE,EXTERNAL_POOL,24,REGULAR_CAREER
178562,É. Banega,79,CM,"CDM,CAM",MID,35,Argentina,Al Shabab,Pro League,Right,55,73,82,79,73,73,,VALUE,EXTERNAL_POOL,24,REGULAR_CAREER
208777,Óliver Torres,79,CM,"CAM,LW",MID,28,Spain,Sevilla,La Liga,Right,68,72,79,82,65,49,,VALUE,EXTERNAL_POOL,24,REGULAR_CAREER
164835,Ł. Fabiański,79,GK,,GK,38,Poland,West Ham United,Premier League,Right,,,,,,,,VALUE,EXTERNAL_POOL,24,REGULAR_CAREER
